{"val/accuracy":0.45,"val/answers_1_pct":0.325,"val/answers_other_pct":0,"_wandb":{"runtime":29},"_runtime":29.940049238,"val/nll":0.6170190572738647,"_timestamp":1.777363458810548e+09,"_step":0}