{"val/accuracy":0.4708333333333333,"val/answers_1_pct":0.55,"val/answers_other_pct":0.004166666666666667,"val/nll":1.2720742225646973,"_timestamp":1.7773774295453203e+09,"_runtime":53.807070726,"_wandb":{"runtime":53},"_step":0}